duration,amplitude_max,dominant_frequency,spectral_centroid,zero_crossing_rate,file_name
3.4,0.11051044,54.70588235294118,2693.875831862442,0.12081141050170068,IMG_6969.wav
13.030022675736962,0.13140805,101.8417260678287,2400.5849244007577,0.11232467054048043,IMG_6955.wav
8.78,0.10724344,102.73348519362187,2363.7039525397245,0.10546875,IMG_6941.wav
18.31002267573696,0.59676754,49.37186676442031,2378.7413141512548,0.08468306895595691,IMG_6772.wav
13.530022675736962,0.33670273,131.11581868826192,2262.18148016854,0.11452582279159519,IMG_9327.wav
4.7,0.32156587,68.51063829787235,2219.6945598593225,0.1134953240455665,IMG_9333.wav
17.52,0.35442203,62.2716894977169,2526.1315922867234,0.0964701469370861,IMG_6766.wav
9.4,0.023211636,302.6595744680851,2814.7701653906024,0.1358036747685185,IMG_0014 2.wav
8.410022675736961,0.10849741,824.7302376497107,2604.729205808674,0.11524379089187328,IMG_6982.wav
10.5,0.3539834,290.2857142857143,2481.4432114748183,0.12127591232064018,IMG_9864.wav
11.46,0.08346795,250.95986038394415,2865.1471243029355,0.13406779795040485,IMG_9870.wav
22.07002267573696,0.43336236,1074.0813613236783,2564.055617399685,0.13303533287329128,IMG_9125.wav
8.64,0.23897818,1159.2592592592591,2447.2691430873397,0.1339252052613941,IMG_9131.wav
11.970022675736962,0.2942177,798.9959801317729,2501.65896282192,0.1387759659641473,IMG_9119.wav
7.3,0.05369831,227.26027397260273,2925.8216925842157,0.13765035962301586,IMG_0208 2.wav
16.9,0.15817042,279.58579881656806,2544.692563402422,0.11479438530219781,IMG_0171 2.wav
15.24,0.070231475,58.727034120734906,2395.210086767203,0.09329887866248097,IMG_0134 2.wav
11.2,0.34144354,789.4642857142857,2253.639651313129,0.12294173783643893,IMG_9290.wav
8.330022675736961,0.1171097,72.62885391203035,2590.535880688776,0.1296311912430362,IMG_9284.wav
16.77002267573696,0.07617022,303.99481852674165,2481.7348638866674,0.10460294562586446,IMG_0029 2.wav
15.5,0.22557732,940.3870967741935,3111.223725091894,0.17193713159618262,IMG_9253.wav
11.630022675736962,0.48111668,1031.3823398663244,2790.550892328355,0.14086767870508982,IMG_9247.wav
11.789977324263038,0.1639539,202.29046540164404,2784.0061711491276,0.12970979945866143,IMG_6612.wav
20.6,0.19845146,680.6310679611651,2475.885605723132,0.11288644601632883,IMG_0155 2.wav
16.74,0.44131565,793.0107526881719,3286.3358171827103,0.20421465954403606,IMG_9246.wav
10.630022675736962,0.1877779,203.38620772040002,2705.9398822880808,0.12196689922216157,IMG_6613.wav
10.970022675736962,0.036041923,61.71363724683636,2695.0329226301983,0.11639881738900634,IMG_9987 2.wav
15.970022675736962,0.16285285,901.6267723824967,3247.717513333094,0.1824433082757994,IMG_9252.wav
6.2300226757369614,0.107392214,818.7771161517632,2982.7372255020387,0.13730142019052044,IMG_0211 2.wav
4.930022675736962,0.26133263,71.1964270930115,2563.816415976873,0.15046856660798122,IMG_9285.wav
4.2300226757369614,0.33105308,209.6915473025131,2513.2954059141716,0.13651329832650272,IMG_9291.wav
15.570022675736961,0.12444155,301.027178804552,2734.140208687852,0.12843834412257824,IMG_0030 2.wav
20.2,0.64751744,862.8712871287129,2594.636145444114,0.13045303520114943,IMG_9118.wav
14.070022675736961,0.19405924,1258.0647812689367,2943.1249039532613,0.16404799659653466,IMG_9130.wav
11.369977324263038,0.2622463,246.17463343810329,2280.8837361999094,0.12199756855867347,IMG_9124.wav
10.06,0.13771653,173.45924453280315,2644.521930566624,0.1230997533842166,IMG_9871.wav
8.9,0.5777625,437.19101123595505,2604.130887980664,0.13024520874023438,IMG_9865.wav
9.190022675736962,0.12751338,75.51667982629293,2415.9861869499423,0.09217911537247475,IMG_6983.wav
5.570022675736961,0.13892013,227.64718813864303,2988.9808244240726,0.13103841145833334,IMG_0195 2.wav
18.44,0.5583052,76.35574837310195,1783.9532390642905,0.06928557389937107,IMG_9332.wav
14.93002267573696,0.55032015,55.123827865142594,2439.168919938813,0.09012168302877138,IMG_6767.wav
15.06,0.24362066,57.23771580345285,2311.3122427037492,0.07183678014252697,IMG_6773.wav
9.27002267573696,0.5181922,82.20044617522161,1989.7961901051042,0.08985595703125,IMG_9326.wav
8.64,0.07578398,49.42129629629629,2346.3772949245863,0.1027262587969169,IMG_6940.wav
14.43002267573696,0.1468425,101.108642223633,2373.7713164645857,0.11295939258440514,IMG_6954.wav
19.6,0.3219073,756.7857142857142,2346.5310959662183,0.09754992603550296,IMG_0168 2.wav
3.4700226757369617,0.12716278,49.567399430169644,2847.0509960734166,0.146376953125,IMG_6968.wav
8.910022675736961,0.12900138,106.845968259139,2157.8326607110366,0.0857073465983073,IMG_6942.wav
13.06,0.16744754,102.06738131699846,2301.830760283284,0.10944091363232682,IMG_6956.wav
15.950022675736962,0.47327462,58.369822973118985,2377.9435805174344,0.09791993608988356,IMG_6765.wav
7.7300226757369614,0.5064899,50.32326764331434,1913.013769778936,0.08306206597222222,IMG_9330.wav
15.170022675736961,0.13025016,103.82318033835676,2402.6714443178876,0.11788408471903669,IMG_9324.wav
16.97002267573696,0.23753276,49.26334018370395,2547.4814890845123,0.10153310961012312,IMG_6771.wav
15.6,0.3552065,302.69230769230774,2523.259680706524,0.11689031691778273,IMG_0032 2.wav
10.330022675736961,0.7296828,38.23805739824478,2197.9986796508215,0.08340172928370787,IMG_6759.wav
8.610022675736962,0.19026807,780.0211745000025,2749.2260686149098,0.11528175539083559,IMG_6981.wav
9.670022675736961,0.18307215,58.22116647281732,2031.4382393900696,0.1051924085731415,IMG_9318.wav
13.76,0.4041841,329.6511627906977,2765.4048282285953,0.11381070167580101,IMG_6995.wav
13.1,0.42077532,173.81679389312978,2522.4554704330462,0.11789356332964601,IMG_9873.wav
9.96,0.15768206,1762.449799196787,2774.466249096741,0.13473717038170163,IMG_9867.wav
6.5,0.07919049,233.53846153846155,3072.762120604907,0.1458775111607143,IMG_0197 2.wav
21.670022675736963,0.4158917,1157.8668086994373,2768.1708378569697,0.15216809421841543,IMG_9132.wav
13.330022675736961,0.21520843,816.6527743283195,2497.125111571717,0.14238111413043478,IMG_9126.wav
6.670022675736962,0.113492,277.0605273535771,2947.9662368165186,0.1447567409939236,IMG_0213 2.wav
11.230022675736961,0.15812302,304.09555693759035,2390.4575406181057,0.10098039611311983,IMG_9985 2.wav
23.370022675736962,0.14286959,399.61450314277454,2472.726411753167,0.10864669966484608,IMG_0157 2.wav
10.970022675736962,0.341187,799.4514012625626,2465.215880584755,0.1289537361257928,IMG_9287.wav
12.04,0.2872556,786.87707641196,2635.470588409542,0.12459356936416185,IMG_9293.wav
6.610022675736961,0.6577389,102.42022353191402,2446.9743763887545,0.11610300164473684,IMG_6611.wav
16.670022675736963,0.54618275,1034.1317666646714,2978.2252453092347,0.14465366034122562,IMG_9244.wav
7.2,0.07442503,779.3055555555555,3030.47712788084,0.16454293106913184,IMG_9250.wav
13.27002267573696,0.21557617,872.7942885264725,2238.0330789435534,0.13227726862980768,IMG_9278.wav
22.74,0.30900612,679.1556728232189,2375.0927469685266,0.10271992586096938,IMG_0173 2.wav
13.0,0.08084657,854.1538461538462,3025.5116849514834,0.15305524553571428,IMG_0136 2.wav
15.74,0.1929146,1086.5311308767473,2705.6549540346614,0.14983320658185842,IMG_9279.wav
7.1,0.109292805,852.2535211267605,3078.7043706054915,0.1731515522875817,IMG_9251.wav
6.64,0.5037244,104.96987951807228,1874.6757521398295,0.06581723940122378,IMG_6610.wav
12.230022675736961,0.17098942,997.7086979738349,3046.2498272988387,0.15310721062618596,IMG_9245.wav
10.6,0.18114446,850.377358490566,2597.9301861532404,0.129656301285558,IMG_9292.wav
4.1,0.121064425,81.46341463414635,2170.9641414729217,0.12127030367231638,IMG_9286.wav
9.8,0.06264606,59.18367346938775,2464.055451065365,0.0960990599143026,IMG_0016 2.wav
8.369977324263038,0.4373492,978.9751731163103,2435.2845998326343,0.13732741083795014,IMG_9127.wav
6.9,0.25254214,758.9855072463769,2603.1952137356097,0.14478358326342283,IMG_9133.wav
9.230022675736961,0.6407449,253.62884602156032,2541.022043381675,0.1291884225816583,IMG_9866.wav
10.730022675736961,0.104306385,174.46375059700674,2706.2504276991117,0.13413075391468682,IMG_9872.wav
8.9,0.45234,101.34831460674157,1819.6368213080962,0.08279800415039062,IMG_9319.wav
12.210022675736962,0.147398,49.46755759923634,2659.2255341729183,0.11093174459363118,IMG_6994.wav
6.86,0.18332705,54.2274052478134,2618.1993679355433,0.11414399018158784,IMG_6980.wav
6.26,0.7945641,50.159744408945684,1960.525381316504,0.08160264756944445,IMG_6758.wav
10.04,0.35111782,196.81274900398407,2032.40808222677,0.06434825165993072,IMG_9325.wav
17.030022675736962,0.5784136,50.14673299388568,2551.9389565194647,0.10249715280143051,IMG_6770.wav
12.96,0.3672427,63.657407407407405,2139.4861875942165,0.07179131959973166,IMG_6764.wav
11.0,0.4362665,776.6363636363636,2245.990015783045,0.09696606342299578,IMG_9331.wav
11.68,0.13636689,102.48287671232876,2586.957506409438,0.12162078373015874,IMG_6957.wav
8.690022675736962,0.097910956,110.93181640268244,2059.691989808205,0.08365885416666667,IMG_6943.wav
9.110022675736962,0.10656272,49.39614488540194,2313.3823599841658,0.10432197240776081,IMG_6947.wav
12.130022675736962,0.24048814,102.7203355928021,2437.459885155274,0.1113514654039197,IMG_6953.wav
9.789977324263038,0.17806071,800.3082888233142,2529.1856833279758,0.10702963010959715,IMG_6984.wav
11.93002267573696,0.14619896,98.32336717897641,2498.2514950843856,0.09329876732733464,IMG_6990.wav
7.84,0.62238926,81.12244897959184,1949.5487655763925,0.10210278753698225,IMG_9335.wav
11.02,0.702681,91.2885662431942,2472.589081458313,0.10668791118421053,IMG_6760.wav
17.73002267573696,0.24774398,52.002189555105936,2487.90827650625,0.09306934616328534,IMG_6774.wav
10.369977324263038,0.17841454,91.6106149795765,1941.1846980183152,0.09503897511185683,IMG_9321.wav
24.6,0.06718807,173.53658536585365,2601.486940237517,0.12026459316037735,IMG_9876.wav
15.3,0.26079923,254.24836601307192,2577.885905980065,0.11786101692905918,IMG_9862.wav
27.4,0.25375974,680.7299270072992,2120.186187668898,0.08943195649872988,IMG_0177 2.wav
14.74,0.11037679,662.3473541383988,2932.4500384246426,0.13344534325787402,IMG_0132 2.wav
14.170022675736961,0.3290664,98.7295526629946,2950.120227580654,0.1693105244987725,IMG_9137.wav
14.530022675736962,0.46839374,1083.1366441210162,3053.0187044181985,0.16826827076677317,IMG_9123.wav
9.730022675736961,0.07532273,281.9109565736179,2876.70237910964,0.1272158668154762,IMG_9998 2.wav
4.830022675736961,0.12634277,933.5359899344612,2128.1332593587285,0.12899736468301434,IMG_9282.wav
9.830022675736961,0.124821395,790.944258876504,2577.6092400408234,0.10547220482016509,IMG_0012 2.wav
19.16,0.2249491,817.1189979123174,3476.5862605757334,0.22112165178571427,IMG_9269.wav
14.7,0.16527623,933.1292517006801,3184.92294745936,0.16645692650828076,IMG_9241.wav
15.1,0.32688248,207.4834437086093,2719.5256271802573,0.12128876248079877,IMG_6614.wav
16.9,0.26432136,107.6923076923077,2947.839645340074,0.13684685675652472,IMG_9255.wav
6.130022675736962,0.23767908,230.66798848831445,2922.473302585375,0.12396980054450757,IMG_0193 2.wav
19.97002267573696,0.26242042,803.6545706830418,2983.690842333822,0.1593883837833914,IMG_9254.wav
12.570022675736961,0.2197492,811.2952747240853,3189.978763699627,0.1649372621655904,IMG_9240.wav
13.68,0.34134528,207.3830409356725,2538.736429019759,0.11496044094279662,IMG_6615.wav
16.3,0.3161322,778.7116564417178,3545.4386070960763,0.22254496082621084,IMG_9268.wav
9.4,0.17696989,71.17021276595744,1997.913645879979,0.11328727816358025,IMG_9283.wav
16.54,0.11689273,306.46916565900847,2477.28418034625,0.1127765329154979,IMG_0036 2.wav
6.7300226757369614,0.47350097,984.2463122569862,2464.322032464802,0.13780812230603448,IMG_9122.wav
10.030022675736962,0.24785808,1086.2388204121864,2630.9431215616983,0.14877884476273148,IMG_9136.wav
10.7,0.25149083,288.50467289719626,2623.0588287237038,0.11822125813449023,IMG_9863.wav
28.830022675736963,0.13689268,1026.915598818314,2665.59946049169,0.13383938456119163,IMG_9877.wav
15.14,0.2592994,49.075297225891674,2522.004046438788,0.09606129761676876,IMG_6775.wav
6.3,0.16805199,76.66666666666666,2044.8179963761813,0.09374820484834559,IMG_9320.wav
9.9,0.035277434,907.070707070707,2989.457830044565,0.14503897101873536,IMG_9981 2.wav
10.94,0.48939186,205.85009140767824,2357.8277927884405,0.12855348748675846,IMG_9334.wav
11.38,0.65637684,166.08084358523723,2456.662260354751,0.1079171174898167,IMG_6761.wav
13.38,0.33174646,87.29446935724961,2491.899609372562,0.10301888133665511,IMG_6991.wav
21.8,0.26039994,793.394495412844,2554.785261613989,0.11641581802449415,IMG_0153 2.wav
9.030022675736962,0.16818655,799.776507694162,2692.5247158526586,0.11173481683804627,IMG_6985.wav
13.630022675736962,0.18335414,324.871066273599,2274.330389668781,0.10422517168867121,IMG_6952.wav
8.890022675736962,0.098078996,94.26297666114016,1926.1051993011163,0.06657453492167102,IMG_6946.wav
6.630022675736962,0.077660926,68.02390007661157,2491.6122946166174,0.10322026606206294,IMG_0217 2.wav
14.01002267573696,0.2109246,721.8403734288054,2471.2029199648323,0.11185601847061258,IMG_6950.wav
9.070022675736961,0.031172551,301.76330289908697,2859.754874491525,0.14542539162404092,IMG_0009 2.wav
8.990022675736961,0.13382626,106.11764112394692,2209.378233333154,0.08306695997100516,IMG_6944.wav
6.7700226757369615,0.27483395,376.66048138050223,3112.934025961179,0.13905146350599315,IMG_6978.wav
12.250022675736961,0.3386513,104.81613250750613,2605.2013900946654,0.08311878551136363,IMG_6993.wav
12.9,0.32108518,737.9069767441861,2864.869482383616,0.12078023128372302,IMG_6987.wav
14.8,0.52050555,45.87837837837837,2052.4454442970205,0.09330304663009405,IMG_9322.wav
12.0,0.6386383,53.75,2513.58480379946,0.10894621917311412,IMG_6763.wav
16.3,0.42479455,173.68098159509202,2103.695934776493,0.08569683716168092,IMG_9861.wav
24.63002267573696,0.11313173,982.1753036317971,2680.2587462792726,0.12733095620287466,IMG_9875.wav
6.7700226757369615,0.061356578,230.2798786165502,2987.2917238028813,0.15293403520976026,IMG_0215 2.wav
22.030022675736962,0.09205076,941.0339837204227,2523.3138246723147,0.1116486721219705,IMG_0151 2.wav
12.4,0.22342674,100.88709677419355,2123.9890800293374,0.10747389748831776,IMG_9120.wav
9.530022675736962,0.043655533,302.41271170712434,2892.9767865799386,0.12720736389902676,IMG_9983 2.wav
12.74,0.23000613,852.9042386185243,2889.9051312560428,0.16611701673497267,IMG_9134.wav
18.0,0.25574052,804.0,2698.0206213630504,0.11273633819265463,IMG_0129 2.wav
5.7,0.117542356,262.280701754386,3212.176716376616,0.17434022484756098,IMG_0191 2.wav
14.370022675736962,0.17778367,75.99152935532838,2350.950090176027,0.1098443495052504,IMG_9295.wav
4.7,0.15948573,55.1063829787234,2047.4787619909882,0.11971549799876847,IMG_9281.wav
15.170022675736961,0.087583445,301.84529699640353,2505.315873735823,0.10579875047782875,IMG_0034 2.wav
6.6,0.13124853,839.6969696969695,3259.8013175380866,0.2073927494517544,IMG_9256.wav
5.590022675736962,0.16013262,203.21921142300826,3030.7259065658754,0.1587906833506224,IMG_6617.wav
12.7,0.26845813,793.1496062992126,3432.8520423036675,0.18013739716636198,IMG_9242.wav
14.93002267573696,0.42313695,208.10417153948728,2560.047808083135,0.11738949504276827,IMG_6616.wav
4.630022675736962,0.253128,1134.3356972142772,3720.4246433724124,0.20661865234375,IMG_9243.wav
6.470022675736962,0.08166229,865.3756378623899,3352.995314991144,0.2126631104390681,IMG_9257.wav
6.2300226757369614,0.13357717,70.46523308971261,1849.018557551673,0.11466078066914498,IMG_9280.wav
4.970022675736962,0.21056502,1011.6654043745267,3066.9660759582325,0.16412609011627907,IMG_9294.wav
29.14,0.30334014,801.8874399450928,2182.364197902878,0.09377918015438247,IMG_0148 2.wav
8.830022675736961,0.051394004,43.60124703392877,2684.385748707311,0.11363881028543307,IMG_0010 2.wav
18.97002267573696,0.24721575,783.7101860197135,2638.5349979068164,0.15436620257037945,IMG_9135.wav
20.3,0.23057765,246.50246305418716,2569.190158372774,0.14149888392857143,IMG_9121.wav
23.96,0.05769662,510.0584307178631,2893.378624985231,0.1506778214328973,IMG_9874.wav
12.82,0.28077063,44.383775351014044,2452.9519584878294,0.09900012714737794,IMG_6762.wav
5.9,0.12489518,58.13559322033898,2182.0938967857846,0.12058440563725491,IMG_9323.wav
13.250022675736961,0.3440445,365.13145059436,2721.6921282258004,0.10900900284588441,IMG_6986.wav
20.97002267573696,0.18018034,398.0920826403742,2380.5099230036926,0.10284261787887168,IMG_0175 2.wav
13.630022675736962,0.27279824,49.44966094589109,2706.899233768251,0.11049214091780238,IMG_6992.wav
16.030022675736962,0.08878422,375.1086396840396,2833.797483220634,0.1253264630065123,IMG_0130 2.wav
7.46,0.2208263,71.98391420911528,2806.819039699717,0.11345866896350931,IMG_6979.wav
5.2699773242630386,0.091961324,228.0844728621464,2948.801236988427,0.128256642345815,IMG_0188 2.wav
8.789977324263038,0.07575131,102.5031085703672,2381.4648910753144,0.10783156744722955,IMG_6945.wav
12.5,0.18485817,101.36,2408.4913384131182,0.10599054962894248,IMG_6951.wav
8.44,0.3538661,79.38388625592417,2264.7475163069607,0.07780439775068682,IMG_6936.wav
4.150022675736961,0.14916116,49.397320452856576,2655.049392017524,0.11747937761871509,IMG_6922.wav
17.54,0.5460348,1168.643101482326,2797.783239608394,0.15696369150958994,IMG_9185.wav
18.2,0.2207691,985.4395604395604,2724.2764391516935,0.13930277921715561,IMG_9191.wav
12.370022675736962,0.22579509,148.74669580105515,2392.196443530989,0.09516629045497185,IMG_9979 2.wav
7.2,0.106092766,230.0,3173.2288128637338,0.17710636053054662,IMG_0212 2.wav
6.570022675736961,0.34917256,934.5477638418157,2678.4189643546956,0.15004900066254417,IMG_9146.wav
7.870022675736961,0.26218623,98.34787419180101,2995.0174368416324,0.15400448239306785,IMG_9152.wav
10.570022675736961,0.10882492,148.34405261961052,2623.1646193909955,0.11010420949835527,IMG_9984 2.wav
23.170022675736963,0.20722938,411.2641637583945,2366.7814020491596,0.10807944013026052,IMG_0156 2.wav
6.030022675736961,0.10904608,55.72118349603646,2546.280440502501,0.09541015625,IMG_0196 2.wav
6.2,0.5827774,660.1612903225806,2505.0227341641203,0.09934337103544776,IMG_6301.wav
6.9,0.23289666,97.68115942028986,2825.0461887366964,0.13863746591862416,IMG_9230.wav
7.170022675736962,0.51584923,316.177521679454,3187.331387943957,0.13905744336569578,IMG_6671.wav
12.9,0.3548962,753.7209302325581,2941.9791215803825,0.14045199387365107,IMG_9224.wav
11.01002267573696,0.19046924,84.74096988520046,2053.4961130000383,0.05975328947368421,IMG_6881.wav
12.8,0.08471018,204.765625,2634.6160983607983,0.11277350826539854,IMG_0033 2.wav
4.62,0.11282199,81.81818181818181,2493.5606246148154,0.11637778737437186,IMG_6895.wav
12.570022675736961,0.08337654,804.533154862196,3361.058451803872,0.19292334524907748,IMG_9218.wav
5.190022675736961,0.087929085,81.50253407899335,2395.6147790095956,0.11723981584821429,IMG_6894.wav
17.24,0.101398855,953.4222737819024,3149.781161996979,0.18391182284656796,IMG_9219.wav
11.08,0.19659163,55.95667870036102,2568.88518679055,0.09194601529811715,IMG_6880.wav
13.93002267573696,0.22942382,304.8810543142432,2761.2896885250852,0.12045247395833333,IMG_6670.wav
6.830022675736961,0.2419785,98.38913161843799,2696.3387760526216,0.11579548463983051,IMG_9225.wav
5.7699773242630386,0.19774568,98.78721665042286,2752.407060943383,0.1334086345381526,IMG_9231.wav
4.3,0.0050224504,60.93023255813954,2523.29696427966,0.10750850554435484,IMG_0017 2.wav
16.98,0.3318684,116.37220259128385,2394.0008968899438,0.08822281634221311,IMG_6300.wav
15.54,0.305534,98.3912483912484,2784.0916795507273,0.13805241371268656,IMG_9153.wav
11.830022675736961,0.3380642,949.5332602395229,3009.3679726675327,0.16578105851715685,IMG_9147.wav
19.5,0.18441352,965.5897435897435,2891.4713974660185,0.15604945591517858,IMG_9190.wav
10.6,0.631191,2103.679245283019,2880.9172323659864,0.16135611836706784,IMG_9184.wav
14.2,0.096011445,279.0845070422535,2879.7073302114068,0.1179406658496732,IMG_0137 2.wav
22.9,0.24500617,663.1441048034934,2347.3010724391206,0.10359725256458967,IMG_0172 2.wav
4.349977324263039,0.22137573,49.425545002450036,2648.356517962553,0.11238520196143617,IMG_6923.wav
8.24,0.5215605,723.6650485436893,2479.517336565669,0.10377695862676056,IMG_6937.wav
8.01002267573696,0.09023405,80.524116611275,2387.8215539872526,0.10009765625,IMG_6909.wav
3.8700226757369616,0.004913689,39.017859235474724,2156.536347443723,0.06770443488023951,IMG_0028 2.wav
4.590022675736962,0.09394761,49.45509337022033,2451.467856952346,0.09926659169823232,IMG_6921.wav
7.470022675736962,0.096450366,80.58877812450672,1964.6501545631081,0.0528420394992236,IMG_6935.wav
18.34,0.1647248,970.937840785169,2534.3456113565644,0.13118015723892404,IMG_9192.wav
6.830022675736961,0.42597678,4194.715209625369,2432.901374569604,0.12729740466101694,IMG_9186.wav
9.369977324263038,0.43164983,81.75046464802912,2105.8455416634292,0.07634954169245049,IMG_6289.wav
19.54,0.23858026,98.41351074718527,2472.9755162447223,0.12633900404542756,IMG_9151.wav
18.170022675736963,0.22049701,98.40383976997322,2694.34911197338,0.14271968291028098,IMG_9145.wav
7.0,0.41774836,1732.2857142857142,2671.0046465149694,0.15244884364652317,IMG_9179.wav
14.1,0.01705384,74.04255319148936,2554.1255783588867,0.08943738435444079,IMG_0135 2.wav
18.84,0.2986169,801.5923566878981,2243.519085260461,0.08768737492302955,IMG_0170 2.wav
14.58,0.36538708,116.32373113854595,2339.0013617997542,0.08776933220541401,IMG_6302.wav
6.570022675736961,0.09296913,229.37515962697333,2949.298859490582,0.13664973498233215,IMG_0209 2.wav
4.84,0.26206845,58.47107438016529,1874.9612706813662,0.06837806519138756,IMG_6869.wav
12.170022675736961,0.17900097,97.04172551416252,2937.845751097701,0.14308407738095238,IMG_9227.wav
8.42,0.1747252,312.70783847981,2983.5000739980387,0.13201349431818182,IMG_6672.wav
5.370022675736961,0.21654938,384.3559188913005,3443.624840404234,0.1785383553340517,IMG_6666.wav
16.8,0.24509649,766.9047619047618,2931.34203429603,0.1385376650984116,IMG_9233.wav
8.8,0.05709167,301.25,2526.5072655679996,0.10554218543865436,IMG_0015 2.wav
4.970022675736962,0.0773251,62.17275456478296,2804.2393206639917,0.13658475654069768,IMG_6896.wav
13.110022675736962,0.2600442,69.7176521053287,2629.231138831235,0.11818307522123894,IMG_6882.wav
13.050022675736962,0.20973226,58.77384423446498,3020.6729095912956,0.13408654113010657,IMG_6883.wav
5.46,0.07519635,63.55311355311355,2465.5239042936423,0.1150192002118644,IMG_6897.wav
8.330022675736961,0.27578264,305.5213772001938,3205.595211694146,0.1435383661211699,IMG_6667.wav
7.1,0.06889708,276.9014084507042,3318.531699453,0.18187519148284315,IMG_0194 2.wav
12.670022675736961,0.27852264,96.132424635077,3095.0723451772405,0.1410265353136447,IMG_9232.wav
7.170022675736962,0.13716449,99.02339673242714,2737.35632574582,0.1298922936893204,IMG_9226.wav
7.510022675736962,0.09211089,315.7114302277833,3036.0664452041888,0.13006516444830246,IMG_6673.wav
21.44,0.2940483,761.5671641791045,2541.5713435675298,0.11825548312364718,IMG_0169 2.wav
4.650022675736961,0.14544615,73.33297572488857,1785.3037309983777,0.07389322916666667,IMG_6868.wav
15.630022675736962,0.092095226,303.5184336209748,2583.9282052016015,0.11552922732752226,IMG_0031 2.wav
11.18,0.7481963,116.3685152057245,2378.524544507721,0.0859142002723029,IMG_6303.wav
17.64,0.3977232,182.0861678004535,2883.364548766478,0.15846140008223683,IMG_9178.wav
6.870022675736961,0.47917324,98.39851073380686,2571.5962621024905,0.15258954022381757,IMG_9144.wav
13.370022675736962,0.34655786,98.42915243428796,2587.188243377455,0.14045884874131945,IMG_9150.wav
6.470022675736962,0.40375692,99.99964952615936,2310.455057501875,0.08859767025089606,IMG_6288.wav
8.0,0.26912975,182.0,2488.18962555902,0.1300200973731884,IMG_9187.wav
11.830022675736961,0.1304598,182.33270206860595,3460.722188912824,0.24342735140931374,IMG_9193.wav
21.04,0.43567312,812.7851711026617,2412.055140212706,0.10955373139470782,IMG_0154 2.wav
10.230022675736961,0.050569244,55.62060007447733,2909.2809235619648,0.14788500035430838,IMG_9986 2.wav
5.809977324263039,0.3537858,83.13285457809695,2359.581414627656,0.09423633590637451,IMG_6934.wav
6.670022675736962,0.08487599,230.73384826685884,2827.679270064156,0.12478468153211805,IMG_0210 2.wav
4.72,0.20018016,49.364406779661024,2281.0158152447966,0.09861127068014706,IMG_6920.wav
7.72,0.19059882,63.08290155440415,2374.0212047610535,0.1054980762012012,IMG_6908.wav
4.86,0.18641809,49.38271604938271,2827.164268540539,0.13522832961309525,IMG_6924.wav
3.8500226757369616,0.13708009,156.36271541823234,2980.9633505291213,0.14413415380271086,IMG_6930.wav
12.98,0.23250213,82.89676425269646,2264.684735197072,0.08685389927455357,IMG_6918.wav
16.870022675736962,0.15938142,305.3345036345649,2360.656068489566,0.09500394923486932,IMG_0035 2.wav
11.210022675736962,0.33182925,116.41368066315776,2276.8831359172927,0.08654001682194618,IMG_6298.wav
16.0,0.1576172,293.9375,2742.4820722069476,0.11823128962862318,IMG_0128 2.wav
10.54,0.17811662,964.3263757115749,3393.364070310874,0.21743680306993393,IMG_9197.wav
18.9,0.4856757,797.9894179894179,2553.294109420802,0.13325399262899262,IMG_9183.wav
10.24,0.23733999,877.1484375,3314.7982010305404,0.19801130337952488,IMG_9168.wav
16.77002267573696,0.55625093,919.7363830828685,2871.8952239002165,0.1473609850449516,IMG_9154.wav
6.070022675736961,0.09564516,44.48088819820089,2531.358121085155,0.07496608122614504,IMG_0190 2.wav
12.370022675736962,0.3288209,928.77760220561,2648.347529835932,0.15514060301360225,IMG_9140.wav
24.84,0.21119419,682.9710144927536,2206.6252126785535,0.08920624634929906,IMG_0150 2.wav
9.130022675736962,0.051242284,538.2242930303948,2945.8118502545726,0.13380393401015228,IMG_9982 2.wav
12.750022675736961,0.18865083,380.5483428067355,3010.034088510953,0.13876775568181818,IMG_6688.wav
9.730022675736961,0.10463774,899.2784797736626,2950.807195742864,0.1450102306547619,IMG_0008 2.wav
8.12,0.1243004,55.78817733990147,2328.506345059987,0.09369140625,IMG_6878.wav
5.72,0.09351184,47.90209790209791,2475.6936171022717,0.12222450657894737,IMG_6893.wav
5.0,0.1958243,373.20000000000005,3094.6791746899953,0.1281399197048611,IMG_6677.wav
6.630022675736962,0.23736802,98.49136751669037,2801.938664538385,0.13391198645104896,IMG_9222.wav
7.2300226757369614,0.6418909,702.2107990114289,2797.6704514357702,0.15655204577323717,IMG_9236.wav
8.43002267573696,0.24795608,1139.2614669521522,3133.161737764904,0.1635259271978022,IMG_9237.wav
6.090022675736962,0.18935414,349.42398629779944,3064.5068317734363,0.12719819391634982,IMG_6676.wav
13.870022675736962,0.41217119,97.83689844817778,2928.5101915892515,0.13527350282190637,IMG_9223.wav
13.9,0.28190386,86.11510791366906,2732.4814152937884,0.1319019655154424,IMG_6886.wav
18.9,0.10846938,398.57142857142856,2804.378487193655,0.13347533879760443,IMG_0131 2.wav
4.94,0.11357458,110.93117408906882,2427.2047478456,0.11588083186619719,IMG_6892.wav
21.0,0.13029487,228.38095238095238,2373.078073189605,0.10624784185082872,IMG_0174 2.wav
6.030022675736961,0.07282642,228.52318707600668,3012.698183980059,0.14402982271634615,IMG_0189 2.wav
7.670022675736962,0.20809832,71.57736335469832,1577.4560170365899,0.04365470402190332,IMG_6879.wav
12.66,0.19003096,379.4628751974724,2729.510208037254,0.11075756925366301,IMG_6689.wav
4.24,0.347228,146.69811320754715,2710.3437530428855,0.12483457137978142,IMG_6306.wav
10.1,0.625325,1057.2277227722773,2820.329682644883,0.15608050466954024,IMG_9141.wav
8.170022675736961,0.31564426,98.4085395977774,2560.439942656731,0.1343841552734375,IMG_9155.wav
9.330022675736961,0.040345725,303.32187802281663,2947.6510206923126,0.1445713327891791,IMG_0011 2.wav
11.030022675736962,0.13974592,960.6507902570596,3033.2853902773977,0.17862374441964285,IMG_9169.wav
17.34,0.40553072,938.9850057670127,2532.800482585154,0.13217976070950468,IMG_9182.wav
7.370022675736961,0.1536724,1048.5720790848507,3185.6530070574136,0.20179988453223272,IMG_9196.wav
10.24,0.44320893,97.75390625,2538.065136728567,0.11290233491233032,IMG_6299.wav
10.38,0.18653315,788.5356454720616,2660.425472570052,0.12245723179408483,IMG_6919.wav
3.7500226757369615,0.23060623,103.46604102167181,2657.635018199738,0.12514467592592593,IMG_6931.wav
4.250022675736961,0.13460964,49.41150107242324,2769.0860385749065,0.12626846976902173,IMG_6925.wav
29.84,0.37083095,785.254691689008,2258.2070211899577,0.10624863311625195,IMG_0149 2.wav
4.290022675736961,0.18571115,82.5170463555156,2395.1717421016606,0.10376372466216216,IMG_6933.wav
4.34,0.22333747,49.53917050691244,2643.014227554392,0.11820845170454546,IMG_6927.wav
10.1,0.04133336,300.2970297029703,2934.8735499982063,0.1410998114224138,IMG_0013 2.wav
8.170022675736961,0.17206195,934.2691327734265,3101.4549987839696,0.17490595037286932,IMG_9180.wav
10.7,0.039567936,62.99065420560748,2402.6290608654786,0.09667650996475054,IMG_9999 2.wav
13.54,0.16188169,883.530280649926,2926.053643786356,0.1606946971318493,IMG_9194.wav
14.44,0.33018556,826.6620498614959,2573.681153608964,0.14012886856913184,IMG_9143.wav
20.04,0.39310884,1012.624750499002,2660.4662231372736,0.1379886203342014,IMG_9157.wav
14.630022675736962,0.095561706,294.9414430612042,2729.051158146518,0.11181331096473851,IMG_0133 2.wav
21.870022675736962,0.2506746,800.8679396309676,2398.337133300656,0.10632090963375797,IMG_0176 2.wav
7.370022675736961,0.67377293,93.07976788977841,2732.3297368881877,0.11948150058962265,IMG_6304.wav
13.38,0.25798324,47.6083707025411,2675.9379525057516,0.12516163209488734,IMG_6884.wav
13.230022675736961,0.32287621,834.6168612583213,3602.6484611130436,0.20824852658991228,IMG_9209.wav
14.93002267573696,0.2904091,86.60402117816449,2024.7967650995063,0.07422406565902022,IMG_6890.wav
7.130022675736962,0.45467013,97.33489380919364,2921.925171002845,0.14383370535714285,IMG_9235.wav
4.030022675736961,0.13858433,94.54041097431974,2246.907055817777,0.09632049209770115,IMG_9221.wav
6.2700226757369615,0.27863124,377.3511073820649,3349.1987910122093,0.15445362949723246,IMG_6674.wav
21.34,0.17296143,857.4507966260544,2677.664592842956,0.1350363026494565,IMG_9220.wav
9.690022675736962,0.13654545,370.07137341164906,3067.4572700957397,0.14063317695873206,IMG_6675.wav
11.869977324263038,0.07281622,60.236003866535754,2361.616335524913,0.07800006866455078,IMG_9980 2.wav
3.9300226757369616,0.47570086,1342.740344115305,3039.0737478210845,0.1630227481617647,IMG_9234.wav
13.8,0.31019267,76.66666666666667,1693.5726446856854,0.04796563156512605,IMG_6891.wav
13.870022675736962,0.035067283,65.68121922350034,2038.9917253796957,0.060613829954013376,IMG_0117 2.wav
11.04,0.35556817,52.62681159420289,2658.7593660256525,0.10699411600577731,IMG_6885.wav
21.47002267573696,0.17732032,685.2344882069393,2485.759631571477,0.11476404138513513,IMG_0152 2.wav
6.530022675736961,0.28229204,911.0228701202193,3244.759150090916,0.19104090480939717,IMG_9208.wav
6.2300226757369614,0.16116512,879.7720787351135,2985.1891969787257,0.14678387836895912,IMG_0216 2.wav
14.51002267573696,0.66772294,116.40229913797951,2387.412135329622,0.08765390625,IMG_6305.wav
9.24,0.33869195,1600.8658008658008,2747.8755582400345,0.15693457521984924,IMG_9156.wav
18.8,0.24419954,800.4255319148937,2597.353439819759,0.14452220775462962,IMG_9142.wav
14.530022675736962,0.023889437,44.25320003620621,2398.6407810344813,0.0916283945686901,IMG_0037 2.wav
18.64,0.22480977,894.4742489270386,2658.1134181815337,0.14502135546388542,IMG_9195.wav
10.7,0.42504954,930.0934579439252,2687.9374953604197,0.14005092529826466,IMG_9181.wav
6.830022675736961,0.046545193,279.35485584520785,3186.6876154074016,0.1651466498940678,IMG_0192 2.wav
3.9500226757369616,0.13569355,49.3668052079267,2960.371970873673,0.13846057200292397,IMG_6926.wav
4.1,0.21941149,49.51219512195122,2732.2709007973194,0.1295959127824859,IMG_6932.wav
13.910022675736961,0.22322336,62.18537670026996,2455.594375618079,0.0983984375,IMG_6917.wav
7.12,0.15638733,53.65168539325843,2371.912917098713,0.10145116551302931,IMG_6903.wav
8.110022675736962,0.33971587,81.25747933745652,2480.0242348054476,0.10124162946428572,IMG_6297.wav
16.670022675736963,0.2260336,751.7086355400544,3374.7634894459634,0.1985230512273677,IMG_9198.wav
21.47002267573696,0.31090698,770.4230335393545,2419.1499145461767,0.11209406672297298,IMG_0163 2.wav
6.670022675736962,0.15661931,490.403130396943,2621.086527548167,0.15965101453993055,IMG_9167.wav
15.34,0.10309027,847.3272490221643,2646.2761993691524,0.11921523378403934,IMG_0126 2.wav
8.369977324263038,0.35997987,962.1292493416704,2797.4344267832585,0.173815951783241,IMG_9173.wav
17.93002267573696,0.2262334,395.7607934095008,2765.0239342574787,0.10976410899094437,IMG_6687.wav
3.62,0.12825105,94.47513812154696,1932.8019930768094,0.06854717548076923,IMG_6863.wav
7.390022675736962,0.2895952,84.70880638232588,2327.1313935528215,0.0904468309169279,IMG_6877.wav
5.1,0.5930764,1036.2745098039213,3714.8414469285385,0.20045276988636362,IMG_9211.wav
10.530022675736962,0.054558046,305.1275480539392,2990.3560707577954,0.1523243908314978,IMG_0006 2.wav
14.43002267573696,0.18186504,49.341571804816105,2319.189048777113,0.08319150673231511,IMG_6888.wav
11.330022675736961,0.27667433,946.8648304626802,3141.6368657420685,0.1847384093237705,IMG_9205.wav
16.27002267573696,0.14723842,303.4414947289786,2370.669832821592,0.09832842033701855,IMG_0043 2.wav
5.3,0.1423471,383.20754716981133,3144.337994344854,0.13687227074235808,IMG_6678.wav
10.6,0.22944969,776.9811320754718,2950.691121572029,0.15222622059628008,IMG_9239.wav
8.130022675736962,0.21067294,970.9690015451812,2999.7244078810195,0.15577284766737892,IMG_9238.wav
6.0,0.088939965,60.166666666666664,1567.213441398132,0.036161091336872585,IMG_0187 2.wav
5.090022675736962,0.106345594,303.1420679823584,3324.95590303781,0.1591863458806818,IMG_6679.wav
14.950022675736962,0.23438817,56.38787433868853,2507.890425826353,0.12295134171195653,IMG_6889.wav
10.27002267573696,0.24869247,911.0009096770204,3030.679588071528,0.1594287880925508,IMG_9204.wav
13.070022675736961,0.31807786,764.6505478948209,3458.094887217955,0.19034816274422736,IMG_9210.wav
6.090022675736962,0.14802793,109.52340172022191,2514.662884739023,0.10732347611692016,IMG_6876.wav
3.4,0.16677831,97.64705882352942,1978.6131170741528,0.08703031994047619,IMG_6862.wav
14.7,0.1956889,377.4149659863945,2749.404114608043,0.11026915541206625,IMG_6686.wav
9.27002267573696,0.0682936,63.53814015381303,2172.1650165355845,0.07813720703125,IMG_0022 2.wav
16.97002267573696,0.19997281,933.5874384335187,3004.587678946537,0.17473722319596444,IMG_9172.wav
7.6,0.53109026,875.0,2707.5455981325367,0.15946699933307926,IMG_9166.wav
23.0,0.4390881,1077.8260869565217,3267.1218521131286,0.19697738632063572,IMG_9199.wav
9.01002267573696,0.8928542,108.21282421692145,1780.7344528576953,0.05809668219794344,IMG_6296.wav
11.070022675736961,0.040576816,301.08339410227205,3055.3831309099105,0.1675050363600629,IMG_9995 2.wav
25.47002267573696,0.48990017,764.0747025537113,2174.9996210765053,0.09693206258546035,IMG_0147 2.wav
7.3100226757369615,0.18060067,160.60141699651334,2406.9339208082956,0.11041821676587302,IMG_6902.wav
14.58,0.31949598,68.10699588477367,2554.3466291195946,0.10869544934315287,IMG_6916.wav
7.130022675736962,0.16063178,801.2597238212152,3141.6823668463776,0.14747362012987014,IMG_0203 2.wav
3.92,0.12822436,49.48979591836735,2586.701424224882,0.12014896911982248,IMG_6928.wav
5.490022675736961,0.14081374,46.08359836437983,2220.629242326389,0.10033458597046413,IMG_6900.wav
14.58,0.20845935,441.22085048010973,2712.291789949299,0.12759924238654458,IMG_6914.wav
7.2700226757369615,0.0667638,59.83475147220282,2670.5266572334685,0.11316617734872611,IMG_0201 2.wav
8.170022675736961,0.22791122,82.37431237475646,2064.997838043018,0.06460293856534091,IMG_6294.wav
21.8,0.3185408,763.2568807339449,2591.549121360264,0.12293819472177848,IMG_0145 2.wav
13.9,0.19022098,797.5539568345323,3006.526600129422,0.17653934943656094,IMG_9170.wav
17.0,0.23034418,877.7647058823529,3039.745237208328,0.1941327645378581,IMG_9164.wav
11.5,0.045574613,64.0,2314.921942729951,0.0737029044858871,IMG_9997 2.wav
11.7,0.23963076,245.81196581196576,2695.6266541857644,0.14736211867559523,IMG_9158.wav
22.9,0.47484773,770.9170305676855,2227.324851237152,0.09459348483409322,IMG_0178 2.wav
6.130022675736962,0.10159807,840.7799240938986,2785.892899074283,0.11452969637784091,IMG_0185 2.wav
11.810022675736962,0.22392297,348.77155726908614,2746.338139350858,0.10941912757858546,IMG_6690.wav
12.93002267573696,0.12802096,346.48044418411325,3035.940386231947,0.1399438608056553,IMG_6684.wav
7.090022675736962,0.10394162,46.262193366808454,1698.610126521241,0.04668192146650327,IMG_6874.wav
8.6,0.3099055,894.3023255813953,3153.9353362162024,0.18662477889150944,IMG_9206.wav
9.470022675736962,0.109173566,149.6300535404714,2311.5105970883947,0.1021740483302696,IMG_0020 2.wav
16.7,0.3879481,952.814371257485,3382.7447168288227,0.18184882269965277,IMG_9212.wav
6.330022675736961,0.04968188,72.1956339511524,2417.2411597947053,0.09840387477106227,IMG_0218 2.wav
5.930022675736962,0.23653656,866.9444083299555,3396.526864042391,0.18599700927734375,IMG_9213.wav
18.870022675736962,0.49403432,962.4259764855174,3101.0029037525173,0.17432181157749077,IMG_9207.wav
4.24,0.20193341,107.78301886792451,1962.9176367884638,0.09197297643442623,IMG_6861.wav
6.910022675736961,0.14639965,44.138784243203865,2125.053744738876,0.09130531669463088,IMG_6875.wav
13.96,0.17528549,348.8538681948424,2768.0293621425244,0.11166635304194353,IMG_6685.wav
15.370022675736962,0.31029812,757.6436447541964,2627.129427670073,0.12367455980929003,IMG_0119 2.wav
11.24,0.033614226,61.743772241992886,2593.825552109666,0.10762524162371134,IMG_0004 2.wav
13.77002267573696,0.1051953,303.1222314074083,2497.7032777412132,0.10403760916456228,IMG_0041 2.wav
6.9,0.31611738,860.1449275362319,2911.9411134727898,0.18272696885486578,IMG_9159.wav
18.64,0.16619578,872.6394849785408,2836.858062201291,0.1727177868150685,IMG_9165.wav
5.7,0.28984198,1079.298245614035,2934.583567038392,0.18690850482723578,IMG_9171.wav
6.74,0.3048193,97.6261127596439,2510.9237897656835,0.09819990335051547,IMG_6295.wav
16.030022675736962,0.20394489,304.55353050681543,2335.046390878892,0.09895856887662807,IMG_0039 2.wav
21.6,0.3170301,400.27777777777777,2371.1304651473038,0.10550913416353383,IMG_0161 2.wav
12.230022675736961,0.027767017,60.098007950399,2897.772830111537,0.12531316710151802,IMG_0124 2.wav
15.43002267573696,0.22018047,63.447735662724256,2460.2783867074845,0.11128406954887218,IMG_6915.wav
4.8,0.08702117,77.91666666666667,2285.3788585963543,0.11275286835748792,IMG_6901.wav
3.9700226757369617,0.6191307,208.05926501330836,2399.1519307573703,0.1082413879751462,IMG_6929.wav
6.94,0.069288164,81.41210374639769,2420.5990140315494,0.09522300898829432,IMG_6905.wav
12.98,0.21448112,76.96456086286594,2455.158556221936,0.08729248046875,IMG_6911.wav
10.34,0.18624343,106.7698259187621,1799.6079982655174,0.05451342663957399,IMG_6939.wav
23.44,0.16643234,763.6945392491467,2471.1284709909773,0.11326529625618811,IMG_0158 2.wav
9.54,0.33575144,83.22851153039832,2511.752397745548,0.0942549137013382,IMG_6291.wav
7.930022675736962,0.18721506,98.48647752163195,2420.625329648331,0.13489412006578946,IMG_9149.wav
10.730022675736961,0.17813033,989.0007058415788,2999.241239521639,0.18213312466252699,IMG_9175.wav
18.47002267573696,0.6618838,657.1188467431444,3013.676975565699,0.16233388622801506,IMG_9161.wav
6.3,0.08722055,231.9047619047619,2912.1097087058033,0.13686056698069854,IMG_0198 2.wav
23.27002267573696,0.2882131,805.2420172128848,2328.63569567036,0.09570409864157528,IMG_0165 2.wav
15.04,0.06549326,229.72074468085106,2589.5445874263382,0.09964479046103394,IMG_0120 2.wav
7.06,0.13333327,45.609065155807365,2387.1583372863392,0.11010502049180328,IMG_6871.wav
4.74,0.16579169,55.27426160337552,1439.1251620971734,0.040948932926829266,IMG_6865.wav
5.94,0.22985515,378.9562289562289,3078.6930442192743,0.13036155700683594,IMG_6681.wav
14.2,0.36777657,149.01408450704224,3040.2706962026623,0.15596197789011437,IMG_9203.wav
7.4,0.15490034,877.9729729729728,3408.319470456021,0.2190362338362069,IMG_9217.wav
4.2300226757369614,0.40011728,2107.3173085170256,3342.4764724284814,0.2151025657445355,IMG_9216.wav
21.47002267573696,0.0994924,513.1806410456809,2560.205057357538,0.12154296875,IMG_0141 2.wav
9.170022675736961,0.37537798,787.5662095262588,3244.151664564891,0.1849720628955696,IMG_9202.wav
10.570022675736961,0.042413633,64.71130866824846,2515.09555523198,0.09603721217105263,IMG_9993 2.wav
5.990022675736961,0.32528412,379.6312840702605,3000.4450296027057,0.13313991339631784,IMG_6680.wav
6.330022675736961,0.12562588,1054.182637540569,2978.902905019041,0.14092190361721613,IMG_0205 2.wav
3.9900226757369612,0.26366013,61.40315980904751,1558.9166065225327,0.043757948764534885,IMG_6864.wav
4.2699773242630386,0.21812546,67.21347168969656,1960.5381577404246,0.07165261973505435,IMG_6870.wav
9.4,0.062061537,148.93617021276597,2774.8437737496847,0.1325388213734568,IMG_0019 2.wav
10.730022675736961,0.45444766,247.99574804414257,3308.071534992432,0.20414269202213822,IMG_9160.wav
18.54,0.1691664,302.53505933117583,2323.1759687929884,0.08767917905193992,IMG_0024 2.wav
14.670022675736961,0.33842492,751.2599157892133,2706.1966241868063,0.16172075875197786,IMG_9174.wav
19.0,0.42648917,935.0,2954.6552230876737,0.1624301262973138,IMG_9148.wav
11.110022675736962,0.46035898,99.99979589837372,2483.3248588768593,0.09309148290709812,IMG_6290.wav
22.54,0.13067666,680.4791481810115,2415.862939939068,0.10385455554840371,IMG_0181 2.wav
33.570022675736965,0.09960644,656.4487671891696,2506.07374002895,0.12320794703060166,IMG_0139 2.wav
10.26,0.25432995,76.0233918128655,2685.4433990080347,0.12983972886029413,IMG_6910.wav
6.46,0.14542224,44.582043343653254,2640.7398313439458,0.12834796426971326,IMG_6904.wav
14.48,0.25852397,65.19337016574586,2577.344441664412,0.1055767352764423,IMG_6912.wav
6.710022675736962,0.0761338,69.44834950931357,2448.7527191981153,0.08263780006487889,IMG_6906.wav
18.030022675736962,0.09627898,302.77277506401515,2497.275511013178,0.11796296854890605,IMG_0026 2.wav
6.870022675736961,0.07205784,182.8232684639962,3754.7315305263423,0.29735503325591217,IMG_9189.wav
16.850022675736962,0.8950368,109.07997190096435,2282.608861639197,0.0770401547434573,IMG_6292.wav
6.8,0.09282598,231.76470588235296,2537.68582562909,0.10188746533703072,IMG_0183 2.wav
9.070022675736961,0.27733546,578.4991049731492,2879.1152176279716,0.18085512907608695,IMG_9162.wav
7.3,0.3721512,1146.5753424657535,2918.748137559378,0.17086898561507938,IMG_9176.wav
6.9,0.07218912,399.2753623188406,2751.75891588853,0.11931922451761745,IMG_0207 2.wav
10.330022675736961,0.048161965,2317.2262783336337,2910.188875112011,0.14340984901685394,IMG_9991 2.wav
27.94,0.33236623,793.3428775948461,2276.4109653215714,0.10263436656457642,IMG_0143 2.wav
4.710022675736962,0.18395323,57.74919118779849,1624.3688228405367,0.05766769935344827,IMG_6866.wav
6.54,0.184941,71.71253822629969,2038.258715762689,0.08456788840868794,IMG_6872.wav
6.090022675736962,0.13601749,360.42558737014554,3163.086124423517,0.12975470829372623,IMG_6682.wav
14.0,0.28117925,98.28571428571428,2679.2180529135744,0.12484209810323384,IMG_9228.wav
5.44,0.8583111,307.1691176470588,3126.7078108242367,0.13531208444148937,IMG_6669.wav
5.170022675736962,0.102473855,55.70575180484039,2001.8294109823428,0.07417495795964126,IMG_6899.wav
11.070022675736961,0.23717545,751.2179734036888,3536.762858987013,0.19613142033542977,IMG_9214.wav
11.070022675736961,0.42517304,148.5091808893295,2736.683312570769,0.14582923873165618,IMG_9200.wav
23.54,0.38299787,768.9889549702633,2283.053931606409,0.0979437291974852,IMG_0167 2.wav
22.97002267573696,0.41076028,792.0758397517023,3308.613141383378,0.1831335819128788,IMG_9201.wav
15.030022675736962,0.11875974,295.40873595403906,2674.558197858395,0.12119246117862655,IMG_0122 2.wav
5.070022675736961,0.12100323,64.10227740308066,2002.9173341898459,0.08194875499429223,IMG_6898.wav
6.830022675736961,0.19112438,1069.9818063505131,3559.973725103417,0.19111659163135594,IMG_9215.wav
9.490022675736961,0.15314087,376.92217629208386,2974.096458195736,0.12121552185207823,IMG_6668.wav
4.6,0.1496722,91.7391304347826,2800.9333618415267,0.130859375,IMG_9229.wav
6.470022675736962,0.0792011,820.2444204564571,2981.292115246782,0.15183971774193547,IMG_0223 2.wav
5.84,0.1507965,382.5342465753424,3088.633281833421,0.12860010540674602,IMG_6683.wav
6.710022675736962,0.13735034,78.9863202573738,2108.994855504893,0.08057992268598616,IMG_6873.wav
4.849977324263039,0.1803692,49.27858091301827,1581.6454513723768,0.0627126009270335,IMG_6867.wav
11.8,0.43420437,821.1864406779661,2946.6597313042207,0.1700590542116896,IMG_9177.wav
9.470022675736962,0.06259041,57.86680969666784,2835.289600948702,0.13142783969056374,IMG_0002 2.wav
13.2,0.15014833,866.9696969696969,2823.680379261975,0.16432852317662566,IMG_9163.wav
8.34,0.8250614,82.49400479616307,2503.969285591934,0.14138997395833333,IMG_6287.wav
17.98,0.8380157,82.36929922135705,2368.2314388802315,0.09439579133064516,IMG_6293.wav
11.970022675736962,0.35793388,181.95454252687173,2854.10087933781,0.1558818964995155,IMG_9188.wav
7.46,0.16201095,65.28150134048258,2342.3938474771444,0.09936371797360248,IMG_6907.wav
10.8,0.059547953,61.75925925925925,2844.8572550554422,0.1330545449973176,IMG_9988 2.wav
14.310022675736962,0.22932774,806.8470792556158,2722.839676070807,0.12882869479335493,IMG_6913.wav
13.730022675736961,0.15216514,463.94679385757746,2211.461794309302,0.10012157543285473,IMG_6948.wav
4.370022675736961,0.10758422,50.342988200375686,2506.416369999578,0.11480551421957672,IMG_6974.wav
14.18,0.15701579,470.73342736248236,2303.864760757792,0.10171513783756138,IMG_6960.wav
5.74,0.13931952,79.96515679442508,1886.8749053775207,0.07650855279737903,IMG_6753.wav
9.230022675736961,0.0642947,61.75499454604416,2680.468110294737,0.1245436165201005,IMG_0021 2.wav
22.14,0.33606037,660.569105691057,2575.607390406659,0.1179352766312893,IMG_0179 2.wav
25.43002267573696,0.18759298,866.6527860011556,2489.203443656282,0.1204388472285584,IMG_9879.wav
20.2,0.38828927,841.1386138613861,3133.9903185189796,0.17450779005028735,IMG_9138.wav
24.9,0.12933022,856.6265060240963,2788.3510436410493,0.12576359360438025,IMG_9886.wav
5.7699773242630386,0.07564065,227.9038419215896,3141.1856317444735,0.1449077560240964,IMG_0184 2.wav
7.030022675736961,0.06254867,61.73522049905814,2862.1992780227074,0.10506587768151815,IMG_0200 2.wav
23.370022675736962,0.24178639,793.324005596642,2534.903952321975,0.11345290001241311,IMG_0144 2.wav
10.27002267573696,0.11845625,792.9875383080007,2655.752072770402,0.11664631242945823,IMG_9996 2.wav
14.6,0.3064146,898.972602739726,3419.3321943423803,0.2073852344992051,IMG_9272.wav
6.870022675736961,0.3266932,2104.650986242771,3777.6345097335807,0.2649140229096284,IMG_9266.wav
18.3,0.060172733,399.18032786885243,2806.280445342012,0.12512315331907478,IMG_0125 2.wav
6.710022675736962,0.15258852,849.9226121279299,3770.5264082633744,0.24282953070934257,IMG_9267.wav
22.370022675736962,0.14505298,659.2751475391225,2365.20097232894,0.1040023867025415,IMG_0160 2.wav
12.7,0.16648048,921.7322834645669,2853.1684224070937,0.14585773251828155,IMG_6626.wav
6.330022675736961,0.11554891,911.0551881757023,3410.2761237985233,0.22784133184523808,IMG_9273.wav
17.27002267573696,0.17105505,302.2578544343022,2386.373426532582,0.09873256888440861,IMG_0038 2.wav
8.27002267573696,0.6083386,730.8323371025587,2747.7746411472585,0.15651670824579833,IMG_9139.wav
15.44,0.12722382,306.1528497409327,2541.410609679747,0.11571017387218045,IMG_0040 2.wav
8.43002267573696,0.06106035,301.54130039487416,2636.7295271375133,0.10381342290521978,IMG_0005 2.wav
26.5,0.17898297,1008.7169811320755,2918.155728305776,0.15262252353327496,IMG_9878.wav
7.2300226757369614,0.05191678,80.08273638519151,1901.2934276364128,0.07753342848557693,IMG_0219 2.wav
6.06,0.4827389,76.07260726072607,2212.945870810671,0.10167100694444445,IMG_6752.wav
13.610022675736962,0.1324637,99.48550654612946,2340.279958138524,0.11150364006601363,IMG_6961.wav
3.8500226757369616,0.13180748,65.71389867244649,2479.1405480032336,0.09202336690512049,IMG_6975.wav
18.73002267573696,0.26877418,793.9125465802415,2470.179897443539,0.1079676366945477,IMG_0118 2.wav
13.8,0.14324477,101.95652173913044,2560.3903666348915,0.1153648568802521,IMG_6949.wav
11.76,0.1765137,143.1972789115646,2323.257330869944,0.11220356416420119,IMG_6963.wav
4.050022675736962,0.13825904,82.46867406470108,2681.524593889985,0.10541852678571428,IMG_6977.wav
14.34,0.146115,307.9497907949791,2415.6066481924568,0.10094701279328479,IMG_0042 2.wav
9.030022675736962,0.055359393,302.43556390373254,2819.996778097837,0.12129960636246787,IMG_0007 2.wav
13.810022675736962,0.2209589,364.5902775269202,2989.492585044266,0.1289743631827731,IMG_6988.wav
23.030022675736962,0.102921546,892.0095429017039,2549.9855593839197,0.11865135931199597,IMG_9885.wav
16.670022675736963,0.060577173,56.088705947645906,2767.749143163109,0.11257535036559889,IMG_0127 2.wav
21.8,0.35387683,770.9633027522935,2433.604722004752,0.10963916067625133,IMG_0162 2.wav
4.5,0.250273,977.1111111111111,3626.096037176767,0.23533897793170103,IMG_9265.wav
13.2,0.2874291,752.4999999999999,3421.3307008063725,0.21102588834578206,IMG_9271.wav
5.06,0.14936276,957.7075098814228,2875.254114715654,0.12066594395068807,IMG_6624.wav
18.43002267573696,0.14471316,828.9734781560207,3345.561987092346,0.2133887456706549,IMG_9259.wav
5.690022675736961,0.13860033,1037.078468098673,2974.696758452518,0.1435010956554878,IMG_6618.wav
11.6,0.019993793,61.724137931034484,2875.313465502713,0.1314765625,IMG_9994 2.wav
5.809977324263039,0.23773104,136.6614628054016,2714.0834220953043,0.12173376805278885,IMG_6619.wav
18.7,0.15675737,927.9679144385027,3349.8415582421567,0.21108895200062036,IMG_9258.wav
7.430022675736962,0.16851747,897.9784169148884,3750.309899959201,0.2494781494140625,IMG_9270.wav
9.76,0.21499719,957.172131147541,2426.4687373518177,0.12578287373812352,IMG_6625.wav
30.170022675736963,0.5127113,771.295409688703,2228.1924633199255,0.09811185396634615,IMG_0146 2.wav
10.369977324263038,0.22688708,936.2604850912718,3421.4574023304394,0.2096627254614094,IMG_9264.wav
8.130022675736962,0.098750405,227.42863996162149,3025.671249526595,0.15122668491809116,IMG_0202 2.wav
28.830022675736963,0.16537905,865.5560309704861,2745.827745342062,0.13060815783514493,IMG_9884.wav
8.1,0.056269806,308.27160493827165,2879.840884928029,0.14309578707020057,IMG_0023 2.wav
7.170022675736962,0.044617377,58.01934231083055,2686.5599448375424,0.10069023058252427,IMG_0186 2.wav
12.43002267573696,0.36108896,803.7797082624907,2841.476440176353,0.11888099784281717,IMG_6989.wav
4.12,0.08793782,79.6116504854369,2693.5869857584585,0.09462780898876405,IMG_6976.wav
14.0,0.16744754,79.14285714285714,2292.368090706901,0.09883606058250415,IMG_6962.wav
3.3900226757369616,0.12061216,58.70167224080267,2691.0401866996663,0.12744140625,IMG_6966.wav
3.8,0.1799188,371.84210526315786,2636.9508807236944,0.13227658155487804,IMG_6972.wav
17.57002267573696,0.31533143,81.84394673467229,2347.4247506483,0.1043805987863276,IMG_9328.wav
14.59002267573696,0.11340825,54.557831587454544,2675.866098625733,0.11371053383346581,IMG_6769.wav
5.66,0.17747699,87.45583038869258,1662.2715078251254,0.053424772669057374,IMG_6755.wav
6.1,0.080700845,275.57377049180326,2815.3788545966586,0.1342476384268061,IMG_0206 2.wav
10.369977324263038,0.03271203,58.92009026581183,2790.8879915499456,0.13558161178691275,IMG_9990 2.wav
27.030022675736962,0.10027939,865.1861036354971,2785.0292143772017,0.1409024611051502,IMG_9880.wav
15.74,0.48008996,98.66581956797968,2532.987072557941,0.139577139795354,IMG_9116.wav
32.14,0.23136026,795.1462352209086,2359.0273441969584,0.11926789541967509,IMG_0142 2.wav
6.7300226757369614,0.10462328,772.2113654588704,3336.624659475777,0.1924333243534483,IMG_0182 2.wav
7.22,0.2287218,47.9224376731302,2243.8262856816204,0.10746583601286173,IMG_6609.wav
10.4,0.6463373,703.076923076923,2924.248807951984,0.15796443394252233,IMG_9248.wav
10.830022675736961,0.21495768,945.4273833552484,3582.200731771631,0.23770095857869378,IMG_9260.wav
6.32,0.13679804,54.746835443037966,1996.5983772961833,0.08602156307234432,IMG_6621.wav
12.4,0.13822162,946.1290322580645,3376.933950895666,0.20639967873831774,IMG_9274.wav
19.1,0.17537989,303.2460732984293,2397.929883229828,0.10947645333383961,IMG_0027 2.wav
10.030022675736962,0.13436538,896.8075437914289,3236.701484778467,0.19490559895833334,IMG_9275.wav
5.670022675736962,0.2662905,1303.5221237522394,3820.202814125534,0.2669064891581633,IMG_9261.wav
17.6,0.21919301,778.5795454545454,3256.2785737535187,0.16733230953166228,IMG_9249.wav
8.690022675736962,0.78229725,101.72585653523993,2617.9059589181047,0.12487109375,IMG_6608.wav
11.27002267573696,0.048101522,727.8601149277274,2879.196791858534,0.1428393454218107,IMG_9989 2.wav
11.070022675736961,0.5285442,199.36725196031037,2672.7477018878594,0.12895743252096437,IMG_0003 2.wav
15.030022675736962,0.44818336,1070.7901343343028,2149.0735598539,0.10986177420910494,IMG_9117.wav
30.16,0.2112825,868.5676392572946,2815.75947378341,0.13914549653579678,IMG_9881.wav
13.370022675736962,0.028720427,291.622542052651,2928.9242545573525,0.13546583387586805,IMG_0123 2.wav
6.210022675736962,0.51230776,52.01269252397192,1786.7354194794968,0.06256559001865672,IMG_6754.wav
24.34,0.40080115,762.366474938373,2323.511992065889,0.10418125148951382,IMG_0166 2.wav
17.27002267573696,0.37438327,46.670465646369266,2541.219896870445,0.09513543241767473,IMG_6768.wav
6.130022675736962,0.17799535,113.70267890831342,1785.0750550408036,0.07970266631155302,IMG_9329.wav
5.7699773242630386,0.15599939,64.298346275977,2567.5167764298008,0.10139777861445783,IMG_0222 2.wav
4.1,0.16442055,99.02439024390245,2524.90669854341,0.1184426862641243,IMG_6973.wav
5.790022675736961,0.094448656,98.96334299365552,2339.6129978307317,0.111763671875,IMG_6967.wav
3.52,0.103815734,248.29545454545456,2728.418141805838,0.13603451377467105,IMG_6971.wav
3.5500226757369613,0.1490661,91.26702266281714,2549.887460620742,0.12492021548202614,IMG_6965.wav
12.8,0.18104415,102.96875,2493.719249655102,0.12068684895833333,IMG_6959.wav
5.94,0.90268785,46.96969696969696,2034.524045235547,0.09035873413085938,IMG_6756.wav
10.030022675736962,0.1334312,64.80543673868024,1757.8667297364298,0.081329345703125,IMG_9317.wav
6.4,0.06566304,232.96875,2990.9001381767252,0.13689920176630435,IMG_0199 2.wav
7.830022675736961,0.050453126,62.70735352037624,1976.3647727367652,0.07849193324704141,IMG_0220 2.wav
9.93002267573696,0.2135334,200.60377151678182,2537.5087009303975,0.12582711193049065,IMG_9868.wav
25.23002267573696,0.15302078,848.0372877578094,2704.4541643307766,0.13371539357175713,IMG_9883.wav
20.27002267573696,0.45418534,779.772191321702,2881.9086666249414,0.16055224441580757,IMG_9129.wav
12.8,0.030974682,62.8125,2103.3866278155533,0.06417360167572464,IMG_0121 2.wav
14.9,0.82311213,148.85906040268458,2549.2697718824234,0.12093175014602804,IMG_0164 2.wav
22.34,0.24010018,759.4001790510295,2395.4264310430776,0.10668159397715472,IMG_0159 2.wav
6.930022675736962,0.40493912,212.40911738336592,2488.761090689369,0.12319548233695653,IMG_9288.wav
5.430022675736962,0.20807184,64.08813015735142,2200.6567413359894,0.12278395432692307,IMG_9277.wav
5.970022675736962,0.09831111,65.82889569200617,1790.3535673377257,0.08000999273255814,IMG_6622.wav
15.530022675736962,0.14610493,305.0864830611178,2425.734416363139,0.10608475803437967,IMG_0044 2.wav
9.369977324263038,0.07681942,302.13520289630605,2579.124155735293,0.09900869237314357,IMG_0001 2.wav
14.9,0.23383649,836.510067114094,3675.6243183764013,0.22610007788161993,IMG_9263.wav
9.8,0.17098117,919.5918367346937,3635.4180489249165,0.23499718343676124,IMG_9262.wav
4.030022675736961,0.15132493,68.9822421282438,1835.3152381504658,0.12002738864942529,IMG_9276.wav
5.52,0.23837,955.978260869565,2529.3583148513294,0.11960633862920168,IMG_6623.wav
19.64,0.37546188,229.93890020366598,2250.622419216722,0.08592307088504728,IMG_0180 2.wav
15.1,0.10184077,370.8609271523179,2946.9102638847075,0.13810633880568357,IMG_0138 2.wav
17.8,0.25418478,798.9325842696629,2468.1677087516555,0.1312470715857236,IMG_9289.wav
13.170022675736961,0.15034623,303.112614024153,2235.0605282362767,0.07212980028609155,IMG_0025 2.wav
13.6,0.6608858,793.0882352941177,2964.7318961027986,0.16235434886945393,IMG_9128.wav
31.8,0.25031912,851.5094339622641,2682.281478158473,0.13456567917427006,IMG_9882.wav
10.26,0.16376531,335.76998050682266,2293.9144360962746,0.09407588906957014,IMG_9869.wav
8.7,0.06585409,309.54022988505744,2698.95266257001,0.12856770833333334,IMG_0018 2.wav
4.570022675736961,0.15183634,60.83120801040003,2160.491483628588,0.12292046716370558,IMG_9316.wav
6.330022675736961,0.2576692,57.02981150189501,2125.84536285764,0.08836817479395605,IMG_6757.wav
10.1,0.043355115,57.22772277227723,2734.3303568195583,0.12942820581896552,IMG_9992 2.wav
15.0,0.19145034,101.8,2358.7444756853015,0.11432508344620743,IMG_6958.wav
7.070022675736961,0.07845053,1053.4619677473154,3078.205356817367,0.15163934426229508,IMG_0204 2.wav
4.070022675736961,0.123976335,49.38547423783206,2589.488823146141,0.12597101384943182,IMG_6964.wav
3.52,0.12371005,98.86363636363637,2797.7398178902818,0.14186176500822367,IMG_6970.wav
